timestamp,mode,status,artwork_id,artist_id,title,template_id,file_url,gelato_product_id,notes
2026-03-02T22:18:27.018752+00:00,dry_run,failed,canvas-small-humania-i-ijpg,felix,Humania I Ijpg,,,,Template response missing id for artwork canvas-small-humania-i-ijpg
2026-03-02T22:18:27.019391+00:00,dry_run,failed,canvas-small-raus-aus-dem-dorf,felix,raus aus dem dorf,,,,Template response missing id for artwork canvas-small-raus-aus-dem-dorf
2026-03-02T22:18:55.264333+00:00,dry_run,dry_run_ok,canvas-small-humania-i-ijpg,felix,Humania I Ijpg,tpl-canvas,https://example.invalid/gelato-assets/canvas-small-humania-i-ijpg.jpg,,Felix Ipfling — Humania I Ijpg (2021)
2026-03-02T22:18:55.265573+00:00,dry_run,dry_run_ok,canvas-small-raus-aus-dem-dorf,felix,raus aus dem dorf,tpl-canvas,https://example.invalid/gelato-assets/canvas-small-raus-aus-dem-dorf.jpg,,Felix Ipfling — raus aus dem dorf (2021)
2026-03-02T22:52:01.244379+00:00,dry_run,dry_run_ok,canvas-small-humania-i-ijpg,felix,Humania I Ijpg,6a8e7a46-d1b5-45f7-9866-be20bc9a6b9b,https://example.invalid/gelato-assets/canvas-small-humania-i-ijpg.jpg,,Felix Ipfling — Humania I Ijpg (2021)
2026-03-02T22:52:01.245086+00:00,dry_run,dry_run_ok,canvas-small-raus-aus-dem-dorf,felix,raus aus dem dorf,6a8e7a46-d1b5-45f7-9866-be20bc9a6b9b,https://example.invalid/gelato-assets/canvas-small-raus-aus-dem-dorf.jpg,,Felix Ipfling — raus aus dem dorf (2021)
2026-03-02T22:53:38.102950+00:00,dry_run,dry_run_ok,canvas-small-humania-i-ijpg,felix,Humania I Ijpg,6a8e7a46-d1b5-45f7-9866-be20bc9a6b9b,https://DEINE-LIVE-DOMAIN/gelato-assets/canvas-small-humania-i-ijpg.jpg,,Felix Ipfling — Humania I Ijpg (2021)
2026-03-02T22:53:38.103696+00:00,dry_run,dry_run_ok,canvas-small-raus-aus-dem-dorf,felix,raus aus dem dorf,6a8e7a46-d1b5-45f7-9866-be20bc9a6b9b,https://DEINE-LIVE-DOMAIN/gelato-assets/canvas-small-raus-aus-dem-dorf.jpg,,Felix Ipfling — raus aus dem dorf (2021)
2026-03-02T22:53:38.103805+00:00,dry_run,dry_run_ok,canvas-small-swanestirn,felix,swanestirn,6a8e7a46-d1b5-45f7-9866-be20bc9a6b9b,https://DEINE-LIVE-DOMAIN/gelato-assets/canvas-small-swanestirn.jpg,,Felix Ipfling — swanestirn (2021)
2026-03-02T22:53:38.103901+00:00,dry_run,dry_run_ok,canvas-large-bier-bass-belanglosikeit,felix,Bier Bass Belanglosikeit,6a8e7a46-d1b5-45f7-9866-be20bc9a6b9b,https://DEINE-LIVE-DOMAIN/gelato-assets/canvas-large-bier-bass-belanglosikeit.jpg,,Felix Ipfling — Bier Bass Belanglosikeit (2022)
2026-03-02T22:53:38.103987+00:00,dry_run,dry_run_ok,canvas-small-bis-zum-letzten-tropfen,felix,bis Zum Letzten Tropfen,6a8e7a46-d1b5-45f7-9866-be20bc9a6b9b,https://DEINE-LIVE-DOMAIN/gelato-assets/canvas-small-bis-zum-letzten-tropfen.jpg,,Felix Ipfling — bis Zum Letzten Tropfen (2022)
2026-03-02T22:53:38.104061+00:00,dry_run,dry_run_ok,canvas-small-blondine-mit-smartphone,felix,Blondine Mit Smartphone,6a8e7a46-d1b5-45f7-9866-be20bc9a6b9b,https://DEINE-LIVE-DOMAIN/gelato-assets/canvas-small-blondine-mit-smartphone.jpg,,Felix Ipfling — Blondine Mit Smartphone (2022)
2026-03-02T22:53:38.104135+00:00,dry_run,dry_run_ok,canvas-small-data-down,felix,Data Down,6a8e7a46-d1b5-45f7-9866-be20bc9a6b9b,https://DEINE-LIVE-DOMAIN/gelato-assets/canvas-small-data-down.jpg,,Felix Ipfling — Data Down (2022)
2026-03-02T22:53:38.104229+00:00,dry_run,dry_run_ok,canvas-small-der-rote-luftballon,felix,der rote luftballon,6a8e7a46-d1b5-45f7-9866-be20bc9a6b9b,https://DEINE-LIVE-DOMAIN/gelato-assets/canvas-small-der-rote-luftballon.jpg,,Felix Ipfling — der rote luftballon (2022)
2026-03-02T22:53:38.104303+00:00,dry_run,dry_run_ok,canvas-large-felix-iplfing-wegeundtueren,felix,Felix Iplfing wegeundtüren,6a8e7a46-d1b5-45f7-9866-be20bc9a6b9b,https://DEINE-LIVE-DOMAIN/gelato-assets/canvas-large-felix-iplfing-wegeundtueren.jpg,,Felix Ipfling — Felix Iplfing wegeundtüren (2022)
2026-03-02T22:53:38.104369+00:00,dry_run,dry_run_ok,canvas-large-gangster,felix,Gangster,6a8e7a46-d1b5-45f7-9866-be20bc9a6b9b,https://DEINE-LIVE-DOMAIN/gelato-assets/canvas-large-gangster.jpg,,Felix Ipfling — Gangster (2022)
2026-03-02T22:53:38.104435+00:00,dry_run,dry_run_ok,canvas-small-haltfest-renn-weg,felix,haltfest Renn Weg,6a8e7a46-d1b5-45f7-9866-be20bc9a6b9b,https://DEINE-LIVE-DOMAIN/gelato-assets/canvas-small-haltfest-renn-weg.jpg,,Felix Ipfling — haltfest Renn Weg (2022)
2026-03-02T22:53:38.104540+00:00,dry_run,dry_run_ok,canvas-small-hedonistische-helden,felix,Hedonistische Helden,6a8e7a46-d1b5-45f7-9866-be20bc9a6b9b,https://DEINE-LIVE-DOMAIN/gelato-assets/canvas-small-hedonistische-helden.jpg,,Felix Ipfling — Hedonistische Helden (2022)
2026-03-02T22:53:38.104606+00:00,dry_run,dry_run_ok,canvas-large-u-bahn,felix,u bahn,6a8e7a46-d1b5-45f7-9866-be20bc9a6b9b,https://DEINE-LIVE-DOMAIN/gelato-assets/canvas-large-u-bahn.jpg,,Felix Ipfling — u bahn (2022)
2026-03-02T22:53:38.104662+00:00,dry_run,dry_run_ok,canvas-large-ungleichgewicht,felix,Ungleichgewicht,6a8e7a46-d1b5-45f7-9866-be20bc9a6b9b,https://DEINE-LIVE-DOMAIN/gelato-assets/canvas-large-ungleichgewicht.jpg,,Felix Ipfling — Ungleichgewicht (2022)
2026-03-02T22:53:38.104716+00:00,dry_run,dry_run_ok,canvas-large-welches-spiel,felix,welches Spiel,6a8e7a46-d1b5-45f7-9866-be20bc9a6b9b,https://DEINE-LIVE-DOMAIN/gelato-assets/canvas-large-welches-spiel.jpg,,Felix Ipfling — welches Spiel (2022)
2026-03-02T22:53:38.104780+00:00,dry_run,dry_run_ok,canvas-small-ziellos-auf-schienen,felix,Ziellos Auf Schienen,6a8e7a46-d1b5-45f7-9866-be20bc9a6b9b,https://DEINE-LIVE-DOMAIN/gelato-assets/canvas-small-ziellos-auf-schienen.jpg,,Felix Ipfling — Ziellos Auf Schienen (2022)
2026-03-02T22:53:38.104840+00:00,dry_run,dry_run_ok,canvas-small-zittern-im-zwielicht,felix,Zittern im zwielicht,6a8e7a46-d1b5-45f7-9866-be20bc9a6b9b,https://DEINE-LIVE-DOMAIN/gelato-assets/canvas-small-zittern-im-zwielicht.jpg,,Felix Ipfling — Zittern im zwielicht (2022)
2026-03-02T22:53:38.104892+00:00,dry_run,dry_run_ok,canvas-small-amrunden-tisch,felix,amrunden Tisch,6a8e7a46-d1b5-45f7-9866-be20bc9a6b9b,https://DEINE-LIVE-DOMAIN/gelato-assets/canvas-small-amrunden-tisch.jpg,,Felix Ipfling — amrunden Tisch (2023)
2026-03-02T22:53:38.104947+00:00,dry_run,dry_run_ok,canvas-small-b-adestrndbueroo,felix,B Adestrndbüroo,6a8e7a46-d1b5-45f7-9866-be20bc9a6b9b,https://DEINE-LIVE-DOMAIN/gelato-assets/canvas-small-b-adestrndbueroo.jpg,,Felix Ipfling — B Adestrndbüroo (2023)
2026-03-02T22:53:38.105002+00:00,dry_run,dry_run_ok,canvas-small-bild-mercedes,felix,Bild Mercedes,6a8e7a46-d1b5-45f7-9866-be20bc9a6b9b,https://DEINE-LIVE-DOMAIN/gelato-assets/canvas-small-bild-mercedes.png,,Felix Ipfling — Bild Mercedes (2023)
2026-03-02T22:53:38.105060+00:00,dry_run,dry_run_ok,canvas-small-buissnes-as-usuall,felix,buissnes as usuall,6a8e7a46-d1b5-45f7-9866-be20bc9a6b9b,https://DEINE-LIVE-DOMAIN/gelato-assets/canvas-small-buissnes-as-usuall.jpg,,Felix Ipfling — buissnes as usuall (2023)
2026-03-02T22:53:38.105125+00:00,dry_run,dry_run_ok,canvas-large-chaos-im-komando-zentrum,felix,Chaos im Komando zentrum,6a8e7a46-d1b5-45f7-9866-be20bc9a6b9b,https://DEINE-LIVE-DOMAIN/gelato-assets/canvas-large-chaos-im-komando-zentrum.jpg,,Felix Ipfling — Chaos im Komando zentrum (2023)
2026-03-02T22:53:38.105205+00:00,dry_run,dry_run_ok,canvas-large-chaosin-comandozentrum,felix,chaosin Comandozentrum,6a8e7a46-d1b5-45f7-9866-be20bc9a6b9b,https://DEINE-LIVE-DOMAIN/gelato-assets/canvas-large-chaosin-comandozentrum.jpg,,Felix Ipfling — chaosin Comandozentrum (2023)
2026-03-02T22:53:38.105268+00:00,dry_run,dry_run_ok,canvas-large-experiment-sterotyp,felix,Experiment sterotyp,6a8e7a46-d1b5-45f7-9866-be20bc9a6b9b,https://DEINE-LIVE-DOMAIN/gelato-assets/canvas-large-experiment-sterotyp.jpg,,Felix Ipfling — Experiment sterotyp (2023)
2026-03-02T22:53:38.105326+00:00,dry_run,dry_run_ok,canvas-large-expetition-zur-entspannung,felix,expetition zur Entspannung,6a8e7a46-d1b5-45f7-9866-be20bc9a6b9b,https://DEINE-LIVE-DOMAIN/gelato-assets/canvas-large-expetition-zur-entspannung.jpg,,Felix Ipfling — expetition zur Entspannung (2023)
2026-03-02T22:53:38.105433+00:00,dry_run,dry_run_ok,canvas-small-gefangen-im-geist,felix,gefangen im Geist,6a8e7a46-d1b5-45f7-9866-be20bc9a6b9b,https://DEINE-LIVE-DOMAIN/gelato-assets/canvas-small-gefangen-im-geist.jpg,,Felix Ipfling — gefangen im Geist (2023)
2026-03-02T22:53:38.105522+00:00,dry_run,dry_run_ok,canvas-large-m6-live-painting,felix,M6 Live Painting,6a8e7a46-d1b5-45f7-9866-be20bc9a6b9b,https://DEINE-LIVE-DOMAIN/gelato-assets/canvas-large-m6-live-painting.jpg,,Felix Ipfling — M6 Live Painting (2023)
2026-03-02T22:53:38.105591+00:00,dry_run,dry_run_ok,canvas-small-was-fuer-benz,felix,was Für Benz,6a8e7a46-d1b5-45f7-9866-be20bc9a6b9b,https://DEINE-LIVE-DOMAIN/gelato-assets/canvas-small-was-fuer-benz.jpg,,Felix Ipfling — was Für Benz (2023)
2026-03-02T22:53:38.105652+00:00,dry_run,dry_run_ok,canvas-small-wohin,felix,Wohin?,6a8e7a46-d1b5-45f7-9866-be20bc9a6b9b,https://DEINE-LIVE-DOMAIN/gelato-assets/canvas-small-wohin.jpg,,Felix Ipfling — Wohin? (2023)
2026-03-02T22:53:38.105705+00:00,dry_run,dry_run_ok,canvas-large-zeit-rieselt,felix,Zeit rieselt,6a8e7a46-d1b5-45f7-9866-be20bc9a6b9b,https://DEINE-LIVE-DOMAIN/gelato-assets/canvas-large-zeit-rieselt.jpg,,Felix Ipfling — Zeit rieselt (2023)
2026-03-02T22:53:38.105793+00:00,dry_run,dry_run_ok,canvas-large-freunde,felix,freunde,6a8e7a46-d1b5-45f7-9866-be20bc9a6b9b,https://DEINE-LIVE-DOMAIN/gelato-assets/canvas-large-freunde.jpg,,Felix Ipfling — freunde (2024)
2026-03-02T22:53:38.105882+00:00,dry_run,dry_run_ok,luca-figuren-in-der-masse,luca,Figuren in der Masse,6a8e7a46-d1b5-45f7-9866-be20bc9a6b9b,https://DEINE-LIVE-DOMAIN/gelato-assets/luca-figuren-in-der-masse.jpg,,Luca Schweiger — Figuren in der Masse (2025)
2026-03-02T22:53:38.105944+00:00,dry_run,dry_run_ok,luca-gelbes-cover,luca,Gelbes Cover,6a8e7a46-d1b5-45f7-9866-be20bc9a6b9b,https://DEINE-LIVE-DOMAIN/gelato-assets/luca-gelbes-cover.jpg,,Luca Schweiger — Gelbes Cover (2025)
2026-03-02T22:53:38.106003+00:00,dry_run,dry_run_ok,luca-schmales-gesicht-auf-blau,luca,Schmales Gesicht auf blau,6a8e7a46-d1b5-45f7-9866-be20bc9a6b9b,https://DEINE-LIVE-DOMAIN/gelato-assets/luca-schmales-gesicht-auf-blau.jpg,,Luca Schweiger — Schmales Gesicht auf blau (2025)
2026-03-02T22:53:38.106060+00:00,dry_run,dry_run_ok,luca-expressreihe-1,luca,Expressreihe 1,6a8e7a46-d1b5-45f7-9866-be20bc9a6b9b,https://DEINE-LIVE-DOMAIN/gelato-assets/luca-expressreihe-1.jpg,,Luca Schweiger — Expressreihe 1 (2026)
2026-03-02T22:53:38.106115+00:00,dry_run,dry_run_ok,luca-expressreihe-2,luca,Expressreihe 2,6a8e7a46-d1b5-45f7-9866-be20bc9a6b9b,https://DEINE-LIVE-DOMAIN/gelato-assets/luca-expressreihe-2.jpg,,Luca Schweiger — Expressreihe 2 (2026)
2026-03-02T22:53:38.106172+00:00,dry_run,dry_run_ok,luca-homunkulus,luca,Homunkulus,6a8e7a46-d1b5-45f7-9866-be20bc9a6b9b,https://DEINE-LIVE-DOMAIN/gelato-assets/luca-homunkulus.jpg,,Luca Schweiger — Homunkulus (2026)
2026-03-02T22:53:38.106229+00:00,dry_run,dry_run_ok,luca-wiederkehr,luca,Wiederkehr,6a8e7a46-d1b5-45f7-9866-be20bc9a6b9b,https://DEINE-LIVE-DOMAIN/gelato-assets/luca-wiederkehr.jpg,,Luca Schweiger — Wiederkehr (2026)
2026-03-03T10:48:05.220257+00:00,apply,created,canvas-small-humania-i-ijpg,felix,Humania I Ijpg,6a8e7a46-d1b5-45f7-9866-be20bc9a6b9b,https://raw.githubusercontent.com/FLexIPF/kunstmueseumDev/main/public/gelato-assets/canvas-small-humania-i-ijpg.jpg,f08ec0e9-57d2-41cf-aa23-1f4b41e16a95,
2026-03-03T10:48:06.344737+00:00,apply,created,canvas-small-raus-aus-dem-dorf,felix,raus aus dem dorf,6a8e7a46-d1b5-45f7-9866-be20bc9a6b9b,https://raw.githubusercontent.com/FLexIPF/kunstmueseumDev/main/public/gelato-assets/canvas-small-raus-aus-dem-dorf.jpg,616354ed-cf43-468e-b403-31ce3bda28ce,
2026-03-03T10:48:07.491959+00:00,apply,created,canvas-small-swanestirn,felix,swanestirn,6a8e7a46-d1b5-45f7-9866-be20bc9a6b9b,https://raw.githubusercontent.com/FLexIPF/kunstmueseumDev/main/public/gelato-assets/canvas-small-swanestirn.jpg,0b4f3570-ccf5-4e50-87ca-a3c0de9a6915,
2026-03-03T10:48:08.518109+00:00,apply,created,canvas-large-bier-bass-belanglosikeit,felix,Bier Bass Belanglosikeit,6a8e7a46-d1b5-45f7-9866-be20bc9a6b9b,https://raw.githubusercontent.com/FLexIPF/kunstmueseumDev/main/public/gelato-assets/canvas-large-bier-bass-belanglosikeit.jpg,e0696bde-240f-4642-ba53-78f3e6d17cc3,
2026-03-03T10:48:09.463664+00:00,apply,created,canvas-small-bis-zum-letzten-tropfen,felix,bis Zum Letzten Tropfen,6a8e7a46-d1b5-45f7-9866-be20bc9a6b9b,https://raw.githubusercontent.com/FLexIPF/kunstmueseumDev/main/public/gelato-assets/canvas-small-bis-zum-letzten-tropfen.jpg,b97f4a66-497c-4c2b-99a9-b61e79b78550,
2026-03-03T10:48:10.468146+00:00,apply,created,canvas-small-blondine-mit-smartphone,felix,Blondine Mit Smartphone,6a8e7a46-d1b5-45f7-9866-be20bc9a6b9b,https://raw.githubusercontent.com/FLexIPF/kunstmueseumDev/main/public/gelato-assets/canvas-small-blondine-mit-smartphone.jpg,a2d3e522-9ae5-48f0-b869-d244a1b9aecb,
2026-03-03T10:48:11.463525+00:00,apply,created,canvas-small-data-down,felix,Data Down,6a8e7a46-d1b5-45f7-9866-be20bc9a6b9b,https://raw.githubusercontent.com/FLexIPF/kunstmueseumDev/main/public/gelato-assets/canvas-small-data-down.jpg,f29d0be5-0a1b-4219-a21e-159d6a702ffb,
2026-03-03T10:48:12.384439+00:00,apply,created,canvas-small-der-rote-luftballon,felix,der rote luftballon,6a8e7a46-d1b5-45f7-9866-be20bc9a6b9b,https://raw.githubusercontent.com/FLexIPF/kunstmueseumDev/main/public/gelato-assets/canvas-small-der-rote-luftballon.jpg,e2648962-6a25-4f07-9114-b31a4df07b78,
2026-03-03T10:48:13.374329+00:00,apply,created,canvas-large-felix-iplfing-wegeundtueren,felix,Felix Iplfing wegeundtüren,6a8e7a46-d1b5-45f7-9866-be20bc9a6b9b,https://raw.githubusercontent.com/FLexIPF/kunstmueseumDev/main/public/gelato-assets/canvas-large-felix-iplfing-wegeundtueren.jpg,f883fd40-8948-4213-8750-7c18ce96602a,
2026-03-03T10:48:14.437137+00:00,apply,created,canvas-large-gangster,felix,Gangster,6a8e7a46-d1b5-45f7-9866-be20bc9a6b9b,https://raw.githubusercontent.com/FLexIPF/kunstmueseumDev/main/public/gelato-assets/canvas-large-gangster.jpg,060c3201-5617-4766-9255-3ac4997bf38a,
2026-03-03T10:48:15.279136+00:00,apply,created,canvas-small-haltfest-renn-weg,felix,haltfest Renn Weg,6a8e7a46-d1b5-45f7-9866-be20bc9a6b9b,https://raw.githubusercontent.com/FLexIPF/kunstmueseumDev/main/public/gelato-assets/canvas-small-haltfest-renn-weg.jpg,0e692c5b-31d0-4aca-a564-6aef1c90f1f2,
2026-03-03T10:48:16.192038+00:00,apply,created,canvas-small-hedonistische-helden,felix,Hedonistische Helden,6a8e7a46-d1b5-45f7-9866-be20bc9a6b9b,https://raw.githubusercontent.com/FLexIPF/kunstmueseumDev/main/public/gelato-assets/canvas-small-hedonistische-helden.jpg,cac5d758-c8f7-492c-b91d-fbf8fcdae8aa,
2026-03-03T10:48:17.518548+00:00,apply,created,canvas-large-u-bahn,felix,u bahn,6a8e7a46-d1b5-45f7-9866-be20bc9a6b9b,https://raw.githubusercontent.com/FLexIPF/kunstmueseumDev/main/public/gelato-assets/canvas-large-u-bahn.jpg,d77c7024-5dbf-431d-b3d7-6e470e66c6d0,
2026-03-03T10:48:18.452711+00:00,apply,created,canvas-large-ungleichgewicht,felix,Ungleichgewicht,6a8e7a46-d1b5-45f7-9866-be20bc9a6b9b,https://raw.githubusercontent.com/FLexIPF/kunstmueseumDev/main/public/gelato-assets/canvas-large-ungleichgewicht.jpg,448f2806-157f-497d-a4d3-6251ee4b9cbb,
2026-03-03T10:48:19.857244+00:00,apply,created,canvas-large-welches-spiel,felix,welches Spiel,6a8e7a46-d1b5-45f7-9866-be20bc9a6b9b,https://raw.githubusercontent.com/FLexIPF/kunstmueseumDev/main/public/gelato-assets/canvas-large-welches-spiel.jpg,62e77490-07a6-4184-b6a5-1f14753c698b,
2026-03-03T10:48:20.919474+00:00,apply,created,canvas-small-ziellos-auf-schienen,felix,Ziellos Auf Schienen,6a8e7a46-d1b5-45f7-9866-be20bc9a6b9b,https://raw.githubusercontent.com/FLexIPF/kunstmueseumDev/main/public/gelato-assets/canvas-small-ziellos-auf-schienen.jpg,f8b1d21d-2736-4c73-a331-f27458354413,
2026-03-03T10:48:21.805199+00:00,apply,created,canvas-small-zittern-im-zwielicht,felix,Zittern im zwielicht,6a8e7a46-d1b5-45f7-9866-be20bc9a6b9b,https://raw.githubusercontent.com/FLexIPF/kunstmueseumDev/main/public/gelato-assets/canvas-small-zittern-im-zwielicht.jpg,e0fedb44-8579-49dc-a482-99a02760ae23,
2026-03-03T10:48:22.837385+00:00,apply,created,canvas-small-amrunden-tisch,felix,amrunden Tisch,6a8e7a46-d1b5-45f7-9866-be20bc9a6b9b,https://raw.githubusercontent.com/FLexIPF/kunstmueseumDev/main/public/gelato-assets/canvas-small-amrunden-tisch.jpg,d046de79-f0fd-402e-9a58-4e7f805f2129,
2026-03-03T10:48:23.645742+00:00,apply,created,canvas-small-b-adestrndbueroo,felix,B Adestrndbüroo,6a8e7a46-d1b5-45f7-9866-be20bc9a6b9b,https://raw.githubusercontent.com/FLexIPF/kunstmueseumDev/main/public/gelato-assets/canvas-small-b-adestrndbueroo.jpg,c2d5b73e-caa5-4344-b20c-aa1be4d329d2,
2026-03-03T10:48:24.878359+00:00,apply,created,canvas-small-bild-mercedes,felix,Bild Mercedes,6a8e7a46-d1b5-45f7-9866-be20bc9a6b9b,https://raw.githubusercontent.com/FLexIPF/kunstmueseumDev/main/public/gelato-assets/canvas-small-bild-mercedes.png,fdf7033e-9248-4a17-945a-588c0a25a1e6,
2026-03-03T10:48:25.912262+00:00,apply,created,canvas-small-buissnes-as-usuall,felix,buissnes as usuall,6a8e7a46-d1b5-45f7-9866-be20bc9a6b9b,https://raw.githubusercontent.com/FLexIPF/kunstmueseumDev/main/public/gelato-assets/canvas-small-buissnes-as-usuall.jpg,a2728ebc-0744-43b6-b718-1a3251bc0ac3,
2026-03-03T10:48:27.347274+00:00,apply,created,canvas-large-chaos-im-komando-zentrum,felix,Chaos im Komando zentrum,6a8e7a46-d1b5-45f7-9866-be20bc9a6b9b,https://raw.githubusercontent.com/FLexIPF/kunstmueseumDev/main/public/gelato-assets/canvas-large-chaos-im-komando-zentrum.jpg,bd395dc8-bcd6-460a-af2a-69753ac714b5,
2026-03-03T10:48:29.286853+00:00,apply,created,canvas-large-chaosin-comandozentrum,felix,chaosin Comandozentrum,6a8e7a46-d1b5-45f7-9866-be20bc9a6b9b,https://raw.githubusercontent.com/FLexIPF/kunstmueseumDev/main/public/gelato-assets/canvas-large-chaosin-comandozentrum.jpg,c92a3610-9a98-489a-b5b6-1f752c8f1182,
2026-03-03T10:48:30.820690+00:00,apply,created,canvas-large-experiment-sterotyp,felix,Experiment sterotyp,6a8e7a46-d1b5-45f7-9866-be20bc9a6b9b,https://raw.githubusercontent.com/FLexIPF/kunstmueseumDev/main/public/gelato-assets/canvas-large-experiment-sterotyp.jpg,12413652-70bd-43ed-b104-01d87a69497b,
2026-03-03T10:48:31.708468+00:00,apply,created,canvas-large-expetition-zur-entspannung,felix,expetition zur Entspannung,6a8e7a46-d1b5-45f7-9866-be20bc9a6b9b,https://raw.githubusercontent.com/FLexIPF/kunstmueseumDev/main/public/gelato-assets/canvas-large-expetition-zur-entspannung.jpg,2128e428-2bc6-4018-8c65-bed8807e702c,
2026-03-03T10:48:33.788916+00:00,apply,created,canvas-small-gefangen-im-geist,felix,gefangen im Geist,6a8e7a46-d1b5-45f7-9866-be20bc9a6b9b,https://raw.githubusercontent.com/FLexIPF/kunstmueseumDev/main/public/gelato-assets/canvas-small-gefangen-im-geist.jpg,5f1fad73-4885-44de-a6c7-0ef9a81cea5f,
2026-03-03T10:48:35.221513+00:00,apply,created,canvas-large-m6-live-painting,felix,M6 Live Painting,6a8e7a46-d1b5-45f7-9866-be20bc9a6b9b,https://raw.githubusercontent.com/FLexIPF/kunstmueseumDev/main/public/gelato-assets/canvas-large-m6-live-painting.jpg,bc699616-9642-4029-839d-8fd3bf7a9293,
2026-03-03T10:48:36.322562+00:00,apply,created,canvas-small-was-fuer-benz,felix,was Für Benz,6a8e7a46-d1b5-45f7-9866-be20bc9a6b9b,https://raw.githubusercontent.com/FLexIPF/kunstmueseumDev/main/public/gelato-assets/canvas-small-was-fuer-benz.jpg,fbf66c12-bb6d-450d-b33a-a44928261985,
2026-03-03T10:48:37.777393+00:00,apply,created,canvas-small-wohin,felix,Wohin?,6a8e7a46-d1b5-45f7-9866-be20bc9a6b9b,https://raw.githubusercontent.com/FLexIPF/kunstmueseumDev/main/public/gelato-assets/canvas-small-wohin.jpg,0cad40d2-fa8d-4066-a83f-32803b7949cb,
2026-03-03T10:48:38.783187+00:00,apply,created,canvas-large-zeit-rieselt,felix,Zeit rieselt,6a8e7a46-d1b5-45f7-9866-be20bc9a6b9b,https://raw.githubusercontent.com/FLexIPF/kunstmueseumDev/main/public/gelato-assets/canvas-large-zeit-rieselt.jpg,ced1289c-336b-462b-9471-7c099aec41c7,
2026-03-03T10:48:39.714352+00:00,apply,created,canvas-large-freunde,felix,freunde,6a8e7a46-d1b5-45f7-9866-be20bc9a6b9b,https://raw.githubusercontent.com/FLexIPF/kunstmueseumDev/main/public/gelato-assets/canvas-large-freunde.jpg,3c40cd22-560c-4d0b-9bde-901f01739358,
2026-03-03T10:48:40.649114+00:00,apply,created,luca-figuren-in-der-masse,luca,Figuren in der Masse,6a8e7a46-d1b5-45f7-9866-be20bc9a6b9b,https://raw.githubusercontent.com/FLexIPF/kunstmueseumDev/main/public/gelato-assets/luca-figuren-in-der-masse.jpg,b3c02ac5-ef6f-4899-abc1-29a972100c08,
2026-03-03T10:48:41.688608+00:00,apply,created,luca-gelbes-cover,luca,Gelbes Cover,6a8e7a46-d1b5-45f7-9866-be20bc9a6b9b,https://raw.githubusercontent.com/FLexIPF/kunstmueseumDev/main/public/gelato-assets/luca-gelbes-cover.jpg,d77da331-ef93-4ed2-ba57-72a4fca5383b,
2026-03-03T10:48:42.798487+00:00,apply,created,luca-schmales-gesicht-auf-blau,luca,Schmales Gesicht auf blau,6a8e7a46-d1b5-45f7-9866-be20bc9a6b9b,https://raw.githubusercontent.com/FLexIPF/kunstmueseumDev/main/public/gelato-assets/luca-schmales-gesicht-auf-blau.jpg,04ee5917-0b94-444a-bc09-e96c0bec7aea,
2026-03-03T10:48:43.921226+00:00,apply,created,luca-expressreihe-1,luca,Expressreihe 1,6a8e7a46-d1b5-45f7-9866-be20bc9a6b9b,https://raw.githubusercontent.com/FLexIPF/kunstmueseumDev/main/public/gelato-assets/luca-expressreihe-1.jpg,658e7d30-8bdf-4699-ae34-c172e70403a7,
2026-03-03T10:48:44.903945+00:00,apply,created,luca-expressreihe-2,luca,Expressreihe 2,6a8e7a46-d1b5-45f7-9866-be20bc9a6b9b,https://raw.githubusercontent.com/FLexIPF/kunstmueseumDev/main/public/gelato-assets/luca-expressreihe-2.jpg,7f6a9180-6f74-470e-893f-15a393f3c835,
2026-03-03T10:48:46.584714+00:00,apply,created,luca-homunkulus,luca,Homunkulus,6a8e7a46-d1b5-45f7-9866-be20bc9a6b9b,https://raw.githubusercontent.com/FLexIPF/kunstmueseumDev/main/public/gelato-assets/luca-homunkulus.jpg,ef992bde-8569-49dc-8f7a-4646aa88a63b,
2026-03-03T10:48:48.799264+00:00,apply,created,luca-wiederkehr,luca,Wiederkehr,6a8e7a46-d1b5-45f7-9866-be20bc9a6b9b,https://raw.githubusercontent.com/FLexIPF/kunstmueseumDev/main/public/gelato-assets/luca-wiederkehr.jpg,76c8da32-bcc2-4a68-8a80-ddf8cdd00a57,
2026-03-03T14:01:10.728369+00:00,apply,created,canvas-small-humania-i-ijpg,felix,Humania I Ijpg,6a8e7a46-d1b5-45f7-9866-be20bc9a6b9b,https://raw.githubusercontent.com/FLexIPF/kunstmueseumDev/main/public/gelato-assets/canvas-small-humania-i-ijpg.jpg,8f15920c-9cf3-4040-ba97-02b2c3b4c2f0,profile=poster
2026-03-03T14:01:15.135627+00:00,apply,created,canvas-small-humania-i-ijpg,felix,Humania I Ijpg,7e8ce8d0-0d99-47d7-ab50-0722d2cd6f0a,https://raw.githubusercontent.com/FLexIPF/kunstmueseumDev/main/public/gelato-assets/canvas-small-humania-i-ijpg.jpg,0d11fdc6-6e4a-4463-aaf7-2132509ce1c6,profile=framed
2026-03-03T14:01:16.565308+00:00,apply,created,canvas-small-humania-i-ijpg,felix,Humania I Ijpg,6c8479c7-5ab1-4ea7-9b11-3ed5e0c3cb5e,https://raw.githubusercontent.com/FLexIPF/kunstmueseumDev/main/public/gelato-assets/canvas-small-humania-i-ijpg.jpg,047e5283-aefa-4961-9cdd-b074fdf46857,profile=tshirt
2026-03-03T14:01:19.739666+00:00,apply,created,canvas-small-humania-i-ijpg,felix,Humania I Ijpg,8864d5c0-5e9d-43e1-8af7-5dd849821de2,https://raw.githubusercontent.com/FLexIPF/kunstmueseumDev/main/public/gelato-assets/canvas-small-humania-i-ijpg.jpg,91b1e598-ff5c-4ea4-bb99-095e01c31be4,profile=canvas
2026-03-03T14:01:20.824388+00:00,apply,created,canvas-small-raus-aus-dem-dorf,felix,raus aus dem dorf,6a8e7a46-d1b5-45f7-9866-be20bc9a6b9b,https://raw.githubusercontent.com/FLexIPF/kunstmueseumDev/main/public/gelato-assets/canvas-small-raus-aus-dem-dorf.jpg,9e51b690-5905-4cc3-99f5-d13feb309e02,profile=poster
2026-03-03T14:01:22.951141+00:00,apply,created,canvas-small-raus-aus-dem-dorf,felix,raus aus dem dorf,7e8ce8d0-0d99-47d7-ab50-0722d2cd6f0a,https://raw.githubusercontent.com/FLexIPF/kunstmueseumDev/main/public/gelato-assets/canvas-small-raus-aus-dem-dorf.jpg,b5194494-5b32-4085-9b0c-5efcf43aabdf,profile=framed
2026-03-03T14:01:23.672810+00:00,apply,created,canvas-small-raus-aus-dem-dorf,felix,raus aus dem dorf,6c8479c7-5ab1-4ea7-9b11-3ed5e0c3cb5e,https://raw.githubusercontent.com/FLexIPF/kunstmueseumDev/main/public/gelato-assets/canvas-small-raus-aus-dem-dorf.jpg,75cf7a2a-de08-45d6-a0fe-dd47e31123f4,profile=tshirt
2026-03-03T14:01:25.166413+00:00,apply,created,canvas-small-raus-aus-dem-dorf,felix,raus aus dem dorf,8864d5c0-5e9d-43e1-8af7-5dd849821de2,https://raw.githubusercontent.com/FLexIPF/kunstmueseumDev/main/public/gelato-assets/canvas-small-raus-aus-dem-dorf.jpg,65675c22-59b5-495f-924c-8e780d40b22c,profile=canvas
2026-03-03T14:01:26.133771+00:00,apply,created,canvas-small-swanestirn,felix,swanestirn,6a8e7a46-d1b5-45f7-9866-be20bc9a6b9b,https://raw.githubusercontent.com/FLexIPF/kunstmueseumDev/main/public/gelato-assets/canvas-small-swanestirn.jpg,aeb7cb21-2bdc-4992-a80d-2420e68bf160,profile=poster
2026-03-03T14:01:28.240257+00:00,apply,created,canvas-small-swanestirn,felix,swanestirn,7e8ce8d0-0d99-47d7-ab50-0722d2cd6f0a,https://raw.githubusercontent.com/FLexIPF/kunstmueseumDev/main/public/gelato-assets/canvas-small-swanestirn.jpg,bfbed7e1-2eeb-4ad6-a9db-44a9c329db38,profile=framed
2026-03-03T14:01:29.161117+00:00,apply,created,canvas-small-swanestirn,felix,swanestirn,6c8479c7-5ab1-4ea7-9b11-3ed5e0c3cb5e,https://raw.githubusercontent.com/FLexIPF/kunstmueseumDev/main/public/gelato-assets/canvas-small-swanestirn.jpg,d0ac359c-7574-4970-a0fe-6ff004cb1ccd,profile=tshirt
2026-03-03T14:01:30.697395+00:00,apply,created,canvas-small-swanestirn,felix,swanestirn,8864d5c0-5e9d-43e1-8af7-5dd849821de2,https://raw.githubusercontent.com/FLexIPF/kunstmueseumDev/main/public/gelato-assets/canvas-small-swanestirn.jpg,8318706d-069d-4bc9-86a3-e9fab5f64eb5,profile=canvas
2026-03-03T14:01:31.925807+00:00,apply,created,canvas-large-bier-bass-belanglosikeit,felix,Bier Bass Belanglosikeit,6a8e7a46-d1b5-45f7-9866-be20bc9a6b9b,https://raw.githubusercontent.com/FLexIPF/kunstmueseumDev/main/public/gelato-assets/canvas-large-bier-bass-belanglosikeit.jpg,cd876790-cebf-4585-857f-ebe25a3b0bac,profile=poster
2026-03-03T14:01:34.412581+00:00,apply,created,canvas-large-bier-bass-belanglosikeit,felix,Bier Bass Belanglosikeit,7e8ce8d0-0d99-47d7-ab50-0722d2cd6f0a,https://raw.githubusercontent.com/FLexIPF/kunstmueseumDev/main/public/gelato-assets/canvas-large-bier-bass-belanglosikeit.jpg,3bee35fe-037f-4234-ab25-be5b26b16189,profile=framed
2026-03-03T14:01:35.190707+00:00,apply,created,canvas-large-bier-bass-belanglosikeit,felix,Bier Bass Belanglosikeit,6c8479c7-5ab1-4ea7-9b11-3ed5e0c3cb5e,https://raw.githubusercontent.com/FLexIPF/kunstmueseumDev/main/public/gelato-assets/canvas-large-bier-bass-belanglosikeit.jpg,6f093094-2f5b-44ac-b79c-3c2329a6abeb,profile=tshirt
2026-03-03T14:01:36.256224+00:00,apply,created,canvas-large-bier-bass-belanglosikeit,felix,Bier Bass Belanglosikeit,8864d5c0-5e9d-43e1-8af7-5dd849821de2,https://raw.githubusercontent.com/FLexIPF/kunstmueseumDev/main/public/gelato-assets/canvas-large-bier-bass-belanglosikeit.jpg,25d0effa-8597-4cef-9dd7-40a490b00d8d,profile=canvas
2026-03-03T14:01:37.255527+00:00,apply,created,canvas-small-bis-zum-letzten-tropfen,felix,bis Zum Letzten Tropfen,6a8e7a46-d1b5-45f7-9866-be20bc9a6b9b,https://raw.githubusercontent.com/FLexIPF/kunstmueseumDev/main/public/gelato-assets/canvas-small-bis-zum-letzten-tropfen.jpg,d38d39b3-7ccd-4a87-a526-b43f1523ce43,profile=poster
2026-03-03T14:01:39.503164+00:00,apply,created,canvas-small-bis-zum-letzten-tropfen,felix,bis Zum Letzten Tropfen,7e8ce8d0-0d99-47d7-ab50-0722d2cd6f0a,https://raw.githubusercontent.com/FLexIPF/kunstmueseumDev/main/public/gelato-assets/canvas-small-bis-zum-letzten-tropfen.jpg,43484225-1b0e-4e07-88a1-d3228e631bde,profile=framed
2026-03-03T14:01:40.176140+00:00,apply,created,canvas-small-bis-zum-letzten-tropfen,felix,bis Zum Letzten Tropfen,6c8479c7-5ab1-4ea7-9b11-3ed5e0c3cb5e,https://raw.githubusercontent.com/FLexIPF/kunstmueseumDev/main/public/gelato-assets/canvas-small-bis-zum-letzten-tropfen.jpg,fad647a1-54b2-4142-89d8-46951ea9d86d,profile=tshirt
2026-03-03T14:01:41.963097+00:00,apply,created,canvas-small-bis-zum-letzten-tropfen,felix,bis Zum Letzten Tropfen,8864d5c0-5e9d-43e1-8af7-5dd849821de2,https://raw.githubusercontent.com/FLexIPF/kunstmueseumDev/main/public/gelato-assets/canvas-small-bis-zum-letzten-tropfen.jpg,ffdb21ae-3a8c-4e8b-9fb4-b42455e7f841,profile=canvas
2026-03-03T14:01:43.294122+00:00,apply,created,canvas-small-blondine-mit-smartphone,felix,Blondine Mit Smartphone,6a8e7a46-d1b5-45f7-9866-be20bc9a6b9b,https://raw.githubusercontent.com/FLexIPF/kunstmueseumDev/main/public/gelato-assets/canvas-small-blondine-mit-smartphone.jpg,795ae18d-1dbc-4905-8297-ffddc47d649c,profile=poster
2026-03-03T14:01:45.545255+00:00,apply,created,canvas-small-blondine-mit-smartphone,felix,Blondine Mit Smartphone,7e8ce8d0-0d99-47d7-ab50-0722d2cd6f0a,https://raw.githubusercontent.com/FLexIPF/kunstmueseumDev/main/public/gelato-assets/canvas-small-blondine-mit-smartphone.jpg,fc08ba2c-8e8e-4620-942a-12be2ac65ce1,profile=framed
2026-03-03T14:01:46.207071+00:00,apply,created,canvas-small-blondine-mit-smartphone,felix,Blondine Mit Smartphone,6c8479c7-5ab1-4ea7-9b11-3ed5e0c3cb5e,https://raw.githubusercontent.com/FLexIPF/kunstmueseumDev/main/public/gelato-assets/canvas-small-blondine-mit-smartphone.jpg,017f3c6b-6f04-4e8b-8534-e514b4a78592,profile=tshirt
2026-03-03T14:01:47.729543+00:00,apply,created,canvas-small-blondine-mit-smartphone,felix,Blondine Mit Smartphone,8864d5c0-5e9d-43e1-8af7-5dd849821de2,https://raw.githubusercontent.com/FLexIPF/kunstmueseumDev/main/public/gelato-assets/canvas-small-blondine-mit-smartphone.jpg,4562b4af-7477-4e0a-b5e9-5b829235b806,profile=canvas
2026-03-03T14:01:48.822140+00:00,apply,created,canvas-small-data-down,felix,Data Down,6a8e7a46-d1b5-45f7-9866-be20bc9a6b9b,https://raw.githubusercontent.com/FLexIPF/kunstmueseumDev/main/public/gelato-assets/canvas-small-data-down.jpg,ee4bc01d-5c3f-4e2b-9f22-80b236fa688f,profile=poster
2026-03-03T14:01:51.075288+00:00,apply,created,canvas-small-data-down,felix,Data Down,7e8ce8d0-0d99-47d7-ab50-0722d2cd6f0a,https://raw.githubusercontent.com/FLexIPF/kunstmueseumDev/main/public/gelato-assets/canvas-small-data-down.jpg,f61c4dad-57c4-4791-a159-cfadb4524f6b,profile=framed
2026-03-03T14:01:51.893219+00:00,apply,created,canvas-small-data-down,felix,Data Down,6c8479c7-5ab1-4ea7-9b11-3ed5e0c3cb5e,https://raw.githubusercontent.com/FLexIPF/kunstmueseumDev/main/public/gelato-assets/canvas-small-data-down.jpg,3ff91e62-842c-41cb-a144-a6d117c9121a,profile=tshirt
2026-03-03T14:01:53.311978+00:00,apply,created,canvas-small-data-down,felix,Data Down,8864d5c0-5e9d-43e1-8af7-5dd849821de2,https://raw.githubusercontent.com/FLexIPF/kunstmueseumDev/main/public/gelato-assets/canvas-small-data-down.jpg,bb65b891-1c5c-44a5-bed6-830bc764f44e,profile=canvas
2026-03-03T14:01:54.285080+00:00,apply,created,canvas-small-der-rote-luftballon,felix,der rote luftballon,6a8e7a46-d1b5-45f7-9866-be20bc9a6b9b,https://raw.githubusercontent.com/FLexIPF/kunstmueseumDev/main/public/gelato-assets/canvas-small-der-rote-luftballon.jpg,d9c39335-1c61-42dc-b725-0ebd73ccccde,profile=poster
2026-03-03T14:01:56.343700+00:00,apply,created,canvas-small-der-rote-luftballon,felix,der rote luftballon,7e8ce8d0-0d99-47d7-ab50-0722d2cd6f0a,https://raw.githubusercontent.com/FLexIPF/kunstmueseumDev/main/public/gelato-assets/canvas-small-der-rote-luftballon.jpg,a88b8527-1547-4d12-80bc-8c01326c4609,profile=framed
2026-03-03T14:01:57.116588+00:00,apply,created,canvas-small-der-rote-luftballon,felix,der rote luftballon,6c8479c7-5ab1-4ea7-9b11-3ed5e0c3cb5e,https://raw.githubusercontent.com/FLexIPF/kunstmueseumDev/main/public/gelato-assets/canvas-small-der-rote-luftballon.jpg,15d701f2-ae94-49e2-a153-9dfa723a00f1,profile=tshirt
2026-03-03T14:01:58.651173+00:00,apply,created,canvas-small-der-rote-luftballon,felix,der rote luftballon,8864d5c0-5e9d-43e1-8af7-5dd849821de2,https://raw.githubusercontent.com/FLexIPF/kunstmueseumDev/main/public/gelato-assets/canvas-small-der-rote-luftballon.jpg,f1e3f494-e2eb-4b7c-82a6-af7643ea90e2,profile=canvas
2026-03-03T14:01:59.675170+00:00,apply,created,canvas-large-felix-iplfing-wegeundtueren,felix,Felix Iplfing wegeundtüren,6a8e7a46-d1b5-45f7-9866-be20bc9a6b9b,https://raw.githubusercontent.com/FLexIPF/kunstmueseumDev/main/public/gelato-assets/canvas-large-felix-iplfing-wegeundtueren.jpg,613856c1-b934-43f9-aa18-f254dfc3b61c,profile=poster
2026-03-03T14:02:01.313896+00:00,apply,created,canvas-large-felix-iplfing-wegeundtueren,felix,Felix Iplfing wegeundtüren,7e8ce8d0-0d99-47d7-ab50-0722d2cd6f0a,https://raw.githubusercontent.com/FLexIPF/kunstmueseumDev/main/public/gelato-assets/canvas-large-felix-iplfing-wegeundtueren.jpg,c1c7e2e8-9eaf-40b9-bfef-de8076bebcef,profile=framed
2026-03-03T14:02:02.136723+00:00,apply,created,canvas-large-felix-iplfing-wegeundtueren,felix,Felix Iplfing wegeundtüren,6c8479c7-5ab1-4ea7-9b11-3ed5e0c3cb5e,https://raw.githubusercontent.com/FLexIPF/kunstmueseumDev/main/public/gelato-assets/canvas-large-felix-iplfing-wegeundtueren.jpg,344f2d9f-f768-4acf-86cc-42da9e36a04a,profile=tshirt
2026-03-03T14:02:03.451642+00:00,apply,created,canvas-large-felix-iplfing-wegeundtueren,felix,Felix Iplfing wegeundtüren,8864d5c0-5e9d-43e1-8af7-5dd849821de2,https://raw.githubusercontent.com/FLexIPF/kunstmueseumDev/main/public/gelato-assets/canvas-large-felix-iplfing-wegeundtueren.jpg,1cde4175-0c61-44a6-93ce-e307d0c23f49,profile=canvas
2026-03-03T14:02:04.497526+00:00,apply,created,canvas-large-gangster,felix,Gangster,6a8e7a46-d1b5-45f7-9866-be20bc9a6b9b,https://raw.githubusercontent.com/FLexIPF/kunstmueseumDev/main/public/gelato-assets/canvas-large-gangster.jpg,5d838b76-fb16-488a-b0ba-1ba60d4c64bd,profile=poster
2026-03-03T14:02:06.547232+00:00,apply,created,canvas-large-gangster,felix,Gangster,7e8ce8d0-0d99-47d7-ab50-0722d2cd6f0a,https://raw.githubusercontent.com/FLexIPF/kunstmueseumDev/main/public/gelato-assets/canvas-large-gangster.jpg,55b6d534-b73b-4ab5-b5aa-6c98bbc0aff4,profile=framed
2026-03-03T14:02:07.254733+00:00,apply,created,canvas-large-gangster,felix,Gangster,6c8479c7-5ab1-4ea7-9b11-3ed5e0c3cb5e,https://raw.githubusercontent.com/FLexIPF/kunstmueseumDev/main/public/gelato-assets/canvas-large-gangster.jpg,844a3293-431f-4d77-8d47-491d4bf1297c,profile=tshirt
2026-03-03T14:02:08.892703+00:00,apply,created,canvas-large-gangster,felix,Gangster,8864d5c0-5e9d-43e1-8af7-5dd849821de2,https://raw.githubusercontent.com/FLexIPF/kunstmueseumDev/main/public/gelato-assets/canvas-large-gangster.jpg,a190f60a-3699-4d18-bc9f-fc063f7e1347,profile=canvas
2026-03-03T14:02:09.803885+00:00,apply,created,canvas-small-haltfest-renn-weg,felix,haltfest Renn Weg,6a8e7a46-d1b5-45f7-9866-be20bc9a6b9b,https://raw.githubusercontent.com/FLexIPF/kunstmueseumDev/main/public/gelato-assets/canvas-small-haltfest-renn-weg.jpg,154a2e5a-4c81-4c4f-9951-47c881878ddd,profile=poster
2026-03-03T14:02:11.894973+00:00,apply,created,canvas-small-haltfest-renn-weg,felix,haltfest Renn Weg,7e8ce8d0-0d99-47d7-ab50-0722d2cd6f0a,https://raw.githubusercontent.com/FLexIPF/kunstmueseumDev/main/public/gelato-assets/canvas-small-haltfest-renn-weg.jpg,0dcd8f17-0bdc-4405-a9d9-5b7a6dad7db7,profile=framed
2026-03-03T14:02:12.540771+00:00,apply,created,canvas-small-haltfest-renn-weg,felix,haltfest Renn Weg,6c8479c7-5ab1-4ea7-9b11-3ed5e0c3cb5e,https://raw.githubusercontent.com/FLexIPF/kunstmueseumDev/main/public/gelato-assets/canvas-small-haltfest-renn-weg.jpg,7a25b61c-f6e1-4a73-af97-cf9629c42e9e,profile=tshirt
2026-03-03T14:02:14.269338+00:00,apply,created,canvas-small-haltfest-renn-weg,felix,haltfest Renn Weg,8864d5c0-5e9d-43e1-8af7-5dd849821de2,https://raw.githubusercontent.com/FLexIPF/kunstmueseumDev/main/public/gelato-assets/canvas-small-haltfest-renn-weg.jpg,65fea6c8-50f7-46ad-8885-fa58dfd0814e,profile=canvas
2026-03-03T14:02:15.242944+00:00,apply,created,canvas-small-hedonistische-helden,felix,Hedonistische Helden,6a8e7a46-d1b5-45f7-9866-be20bc9a6b9b,https://raw.githubusercontent.com/FLexIPF/kunstmueseumDev/main/public/gelato-assets/canvas-small-hedonistische-helden.jpg,851a4d69-a7fe-4179-acad-ebb2d050ebf4,profile=poster
2026-03-03T14:02:17.990088+00:00,apply,created,canvas-small-hedonistische-helden,felix,Hedonistische Helden,7e8ce8d0-0d99-47d7-ab50-0722d2cd6f0a,https://raw.githubusercontent.com/FLexIPF/kunstmueseumDev/main/public/gelato-assets/canvas-small-hedonistische-helden.jpg,dea69c7b-a952-4968-95a2-5512427d0c03,profile=framed
2026-03-03T14:02:18.829291+00:00,apply,created,canvas-small-hedonistische-helden,felix,Hedonistische Helden,6c8479c7-5ab1-4ea7-9b11-3ed5e0c3cb5e,https://raw.githubusercontent.com/FLexIPF/kunstmueseumDev/main/public/gelato-assets/canvas-small-hedonistische-helden.jpg,a95c9e6c-e2c5-4fdc-94f7-0e256bb53bc2,profile=tshirt
2026-03-03T14:02:20.360389+00:00,apply,created,canvas-small-hedonistische-helden,felix,Hedonistische Helden,8864d5c0-5e9d-43e1-8af7-5dd849821de2,https://raw.githubusercontent.com/FLexIPF/kunstmueseumDev/main/public/gelato-assets/canvas-small-hedonistische-helden.jpg,f9d9a85d-018b-4a8c-ae86-d76ddeeb5b03,profile=canvas
2026-03-03T14:02:21.374407+00:00,apply,created,canvas-large-u-bahn,felix,u bahn,6a8e7a46-d1b5-45f7-9866-be20bc9a6b9b,https://raw.githubusercontent.com/FLexIPF/kunstmueseumDev/main/public/gelato-assets/canvas-large-u-bahn.jpg,c4ea78ae-7322-479b-bb47-2386d71aef5c,profile=poster
2026-03-03T14:02:23.585220+00:00,apply,created,canvas-large-u-bahn,felix,u bahn,7e8ce8d0-0d99-47d7-ab50-0722d2cd6f0a,https://raw.githubusercontent.com/FLexIPF/kunstmueseumDev/main/public/gelato-assets/canvas-large-u-bahn.jpg,8c2db460-ed87-4abc-803e-d4dd26c08349,profile=framed
2026-03-03T14:02:24.265879+00:00,apply,created,canvas-large-u-bahn,felix,u bahn,6c8479c7-5ab1-4ea7-9b11-3ed5e0c3cb5e,https://raw.githubusercontent.com/FLexIPF/kunstmueseumDev/main/public/gelato-assets/canvas-large-u-bahn.jpg,f76a60f3-9d9d-48eb-bfe1-3bc37c50d6d9,profile=tshirt
2026-03-03T14:02:25.690613+00:00,apply,created,canvas-large-u-bahn,felix,u bahn,8864d5c0-5e9d-43e1-8af7-5dd849821de2,https://raw.githubusercontent.com/FLexIPF/kunstmueseumDev/main/public/gelato-assets/canvas-large-u-bahn.jpg,4ef3eb53-fb82-448c-80c5-ca93f190b58e,profile=canvas
2026-03-03T14:02:26.916870+00:00,apply,created,canvas-large-ungleichgewicht,felix,Ungleichgewicht,6a8e7a46-d1b5-45f7-9866-be20bc9a6b9b,https://raw.githubusercontent.com/FLexIPF/kunstmueseumDev/main/public/gelato-assets/canvas-large-ungleichgewicht.jpg,a8beaadb-a290-4267-8a1c-0cbfbd3bcc87,profile=poster
2026-03-03T14:02:28.631927+00:00,apply,created,canvas-large-ungleichgewicht,felix,Ungleichgewicht,7e8ce8d0-0d99-47d7-ab50-0722d2cd6f0a,https://raw.githubusercontent.com/FLexIPF/kunstmueseumDev/main/public/gelato-assets/canvas-large-ungleichgewicht.jpg,eadcac4a-103b-4392-b437-7e8843c2bf6a,profile=framed
2026-03-03T14:02:29.372915+00:00,apply,created,canvas-large-ungleichgewicht,felix,Ungleichgewicht,6c8479c7-5ab1-4ea7-9b11-3ed5e0c3cb5e,https://raw.githubusercontent.com/FLexIPF/kunstmueseumDev/main/public/gelato-assets/canvas-large-ungleichgewicht.jpg,1b174f17-c49b-4729-93f3-6af9191deea8,profile=tshirt
2026-03-03T14:02:30.463087+00:00,apply,created,canvas-large-ungleichgewicht,felix,Ungleichgewicht,8864d5c0-5e9d-43e1-8af7-5dd849821de2,https://raw.githubusercontent.com/FLexIPF/kunstmueseumDev/main/public/gelato-assets/canvas-large-ungleichgewicht.jpg,1e817673-f30c-42d2-9d4f-a6c5f2e8af97,profile=canvas
2026-03-03T14:02:31.693753+00:00,apply,created,canvas-large-welches-spiel,felix,welches Spiel,6a8e7a46-d1b5-45f7-9866-be20bc9a6b9b,https://raw.githubusercontent.com/FLexIPF/kunstmueseumDev/main/public/gelato-assets/canvas-large-welches-spiel.jpg,997c6a45-25ed-43ce-b463-eb19502cd8be,profile=poster
2026-03-03T14:02:33.365444+00:00,apply,created,canvas-large-welches-spiel,felix,welches Spiel,7e8ce8d0-0d99-47d7-ab50-0722d2cd6f0a,https://raw.githubusercontent.com/FLexIPF/kunstmueseumDev/main/public/gelato-assets/canvas-large-welches-spiel.jpg,3dbabf82-f281-4ea4-9482-e05b2ca00964,profile=framed
2026-03-03T14:02:34.184682+00:00,apply,created,canvas-large-welches-spiel,felix,welches Spiel,6c8479c7-5ab1-4ea7-9b11-3ed5e0c3cb5e,https://raw.githubusercontent.com/FLexIPF/kunstmueseumDev/main/public/gelato-assets/canvas-large-welches-spiel.jpg,01c9bbbf-d041-46c5-85c2-bcd2bc77a3cb,profile=tshirt
2026-03-03T14:02:35.722392+00:00,apply,created,canvas-large-welches-spiel,felix,welches Spiel,8864d5c0-5e9d-43e1-8af7-5dd849821de2,https://raw.githubusercontent.com/FLexIPF/kunstmueseumDev/main/public/gelato-assets/canvas-large-welches-spiel.jpg,a39fa93d-fb30-43f6-9f10-7012d817a3e7,profile=canvas
2026-03-03T14:02:36.847871+00:00,apply,created,canvas-small-ziellos-auf-schienen,felix,Ziellos Auf Schienen,6a8e7a46-d1b5-45f7-9866-be20bc9a6b9b,https://raw.githubusercontent.com/FLexIPF/kunstmueseumDev/main/public/gelato-assets/canvas-small-ziellos-auf-schienen.jpg,02cf7828-a57f-408e-b165-00bf3cde49a6,profile=poster
2026-03-03T14:02:39.412254+00:00,apply,created,canvas-small-ziellos-auf-schienen,felix,Ziellos Auf Schienen,7e8ce8d0-0d99-47d7-ab50-0722d2cd6f0a,https://raw.githubusercontent.com/FLexIPF/kunstmueseumDev/main/public/gelato-assets/canvas-small-ziellos-auf-schienen.jpg,bf7a0546-8dad-464c-aa0e-26864f1ee657,profile=framed
2026-03-03T14:02:40.143871+00:00,apply,created,canvas-small-ziellos-auf-schienen,felix,Ziellos Auf Schienen,6c8479c7-5ab1-4ea7-9b11-3ed5e0c3cb5e,https://raw.githubusercontent.com/FLexIPF/kunstmueseumDev/main/public/gelato-assets/canvas-small-ziellos-auf-schienen.jpg,c07d6ecd-4043-4dfc-a077-1ec84b7c464b,profile=tshirt
2026-03-03T14:02:41.533693+00:00,apply,created,canvas-small-ziellos-auf-schienen,felix,Ziellos Auf Schienen,8864d5c0-5e9d-43e1-8af7-5dd849821de2,https://raw.githubusercontent.com/FLexIPF/kunstmueseumDev/main/public/gelato-assets/canvas-small-ziellos-auf-schienen.jpg,1ea50b67-8520-47ae-a5bd-f5f156e0730b,profile=canvas
2026-03-03T14:02:42.685529+00:00,apply,created,canvas-small-zittern-im-zwielicht,felix,Zittern im zwielicht,6a8e7a46-d1b5-45f7-9866-be20bc9a6b9b,https://raw.githubusercontent.com/FLexIPF/kunstmueseumDev/main/public/gelato-assets/canvas-small-zittern-im-zwielicht.jpg,701ebd49-fe68-43dd-b473-7fad0dc66680,profile=poster
2026-03-03T14:02:44.331230+00:00,apply,created,canvas-small-zittern-im-zwielicht,felix,Zittern im zwielicht,7e8ce8d0-0d99-47d7-ab50-0722d2cd6f0a,https://raw.githubusercontent.com/FLexIPF/kunstmueseumDev/main/public/gelato-assets/canvas-small-zittern-im-zwielicht.jpg,d7358e94-8ad0-414a-9c7a-5b5976ac4e10,profile=framed
2026-03-03T14:02:45.002523+00:00,apply,created,canvas-small-zittern-im-zwielicht,felix,Zittern im zwielicht,6c8479c7-5ab1-4ea7-9b11-3ed5e0c3cb5e,https://raw.githubusercontent.com/FLexIPF/kunstmueseumDev/main/public/gelato-assets/canvas-small-zittern-im-zwielicht.jpg,84df8ab4-68a3-4230-8735-8a84890926e1,profile=tshirt
2026-03-03T14:02:46.575156+00:00,apply,created,canvas-small-zittern-im-zwielicht,felix,Zittern im zwielicht,8864d5c0-5e9d-43e1-8af7-5dd849821de2,https://raw.githubusercontent.com/FLexIPF/kunstmueseumDev/main/public/gelato-assets/canvas-small-zittern-im-zwielicht.jpg,e91b4f18-401d-48eb-8422-72d2e56aa4f1,profile=canvas
2026-03-03T14:02:47.500935+00:00,apply,created,canvas-small-amrunden-tisch,felix,amrunden Tisch,6a8e7a46-d1b5-45f7-9866-be20bc9a6b9b,https://raw.githubusercontent.com/FLexIPF/kunstmueseumDev/main/public/gelato-assets/canvas-small-amrunden-tisch.jpg,0ec1f5fc-2778-4625-b8fc-09cd3f6a761e,profile=poster
2026-03-03T14:02:49.534913+00:00,apply,created,canvas-small-amrunden-tisch,felix,amrunden Tisch,7e8ce8d0-0d99-47d7-ab50-0722d2cd6f0a,https://raw.githubusercontent.com/FLexIPF/kunstmueseumDev/main/public/gelato-assets/canvas-small-amrunden-tisch.jpg,18da8487-2ec2-4fe1-9115-8d322e493750,profile=framed
2026-03-03T14:02:50.223053+00:00,apply,created,canvas-small-amrunden-tisch,felix,amrunden Tisch,6c8479c7-5ab1-4ea7-9b11-3ed5e0c3cb5e,https://raw.githubusercontent.com/FLexIPF/kunstmueseumDev/main/public/gelato-assets/canvas-small-amrunden-tisch.jpg,2323b2cc-8252-4be9-9be3-0bd596bc28c3,profile=tshirt
2026-03-03T14:02:51.698473+00:00,apply,created,canvas-small-amrunden-tisch,felix,amrunden Tisch,8864d5c0-5e9d-43e1-8af7-5dd849821de2,https://raw.githubusercontent.com/FLexIPF/kunstmueseumDev/main/public/gelato-assets/canvas-small-amrunden-tisch.jpg,83adfaf9-f37b-4b06-aaea-f55135fe1a9e,profile=canvas
2026-03-03T14:02:52.823490+00:00,apply,created,canvas-small-b-adestrndbueroo,felix,B Adestrndbüroo,6a8e7a46-d1b5-45f7-9866-be20bc9a6b9b,https://raw.githubusercontent.com/FLexIPF/kunstmueseumDev/main/public/gelato-assets/canvas-small-b-adestrndbueroo.jpg,509a2ae0-98f1-4885-992f-e3e2be36c436,profile=poster
2026-03-03T14:02:55.177051+00:00,apply,created,canvas-small-b-adestrndbueroo,felix,B Adestrndbüroo,7e8ce8d0-0d99-47d7-ab50-0722d2cd6f0a,https://raw.githubusercontent.com/FLexIPF/kunstmueseumDev/main/public/gelato-assets/canvas-small-b-adestrndbueroo.jpg,29bd1d2a-8275-4320-af75-991438b0e00a,profile=framed
2026-03-03T14:02:55.996550+00:00,apply,created,canvas-small-b-adestrndbueroo,felix,B Adestrndbüroo,6c8479c7-5ab1-4ea7-9b11-3ed5e0c3cb5e,https://raw.githubusercontent.com/FLexIPF/kunstmueseumDev/main/public/gelato-assets/canvas-small-b-adestrndbueroo.jpg,d798ac57-2797-4b45-af61-3801747303b1,profile=tshirt
2026-03-03T14:02:57.859026+00:00,apply,created,canvas-small-b-adestrndbueroo,felix,B Adestrndbüroo,8864d5c0-5e9d-43e1-8af7-5dd849821de2,https://raw.githubusercontent.com/FLexIPF/kunstmueseumDev/main/public/gelato-assets/canvas-small-b-adestrndbueroo.jpg,181b7d51-4c1a-4e89-a344-31a053b2ce9d,profile=canvas
2026-03-03T14:02:58.866124+00:00,apply,created,canvas-small-bild-mercedes,felix,Bild Mercedes,6a8e7a46-d1b5-45f7-9866-be20bc9a6b9b,https://raw.githubusercontent.com/FLexIPF/kunstmueseumDev/main/public/gelato-assets/canvas-small-bild-mercedes.png,dd14fce1-e156-4655-b2e5-b8e0c1daaeab,profile=poster
2026-03-03T14:03:00.501945+00:00,apply,created,canvas-small-bild-mercedes,felix,Bild Mercedes,7e8ce8d0-0d99-47d7-ab50-0722d2cd6f0a,https://raw.githubusercontent.com/FLexIPF/kunstmueseumDev/main/public/gelato-assets/canvas-small-bild-mercedes.png,c9d7fcd4-6ee0-46c4-be96-a8f03cef5f91,profile=framed
2026-03-03T14:03:01.219449+00:00,apply,created,canvas-small-bild-mercedes,felix,Bild Mercedes,6c8479c7-5ab1-4ea7-9b11-3ed5e0c3cb5e,https://raw.githubusercontent.com/FLexIPF/kunstmueseumDev/main/public/gelato-assets/canvas-small-bild-mercedes.png,1a4910f7-858c-4069-a088-b63772856e63,profile=tshirt
2026-03-03T14:03:03.062185+00:00,apply,created,canvas-small-bild-mercedes,felix,Bild Mercedes,8864d5c0-5e9d-43e1-8af7-5dd849821de2,https://raw.githubusercontent.com/FLexIPF/kunstmueseumDev/main/public/gelato-assets/canvas-small-bild-mercedes.png,5dfdc23f-7f23-4772-9e56-4110299fd9ce,profile=canvas
2026-03-03T14:03:04.127483+00:00,apply,created,canvas-small-buissnes-as-usuall,felix,buissnes as usuall,6a8e7a46-d1b5-45f7-9866-be20bc9a6b9b,https://raw.githubusercontent.com/FLexIPF/kunstmueseumDev/main/public/gelato-assets/canvas-small-buissnes-as-usuall.jpg,3aea7815-1ec2-43e1-8b54-5d016e728923,profile=poster
2026-03-03T14:03:06.418382+00:00,apply,created,canvas-small-buissnes-as-usuall,felix,buissnes as usuall,7e8ce8d0-0d99-47d7-ab50-0722d2cd6f0a,https://raw.githubusercontent.com/FLexIPF/kunstmueseumDev/main/public/gelato-assets/canvas-small-buissnes-as-usuall.jpg,63937608-da85-40df-827f-8d8eecc7b811,profile=framed
2026-03-03T14:03:07.159453+00:00,apply,created,canvas-small-buissnes-as-usuall,felix,buissnes as usuall,6c8479c7-5ab1-4ea7-9b11-3ed5e0c3cb5e,https://raw.githubusercontent.com/FLexIPF/kunstmueseumDev/main/public/gelato-assets/canvas-small-buissnes-as-usuall.jpg,9fe1cf9e-240d-4875-938e-e36366892c23,profile=tshirt
2026-03-03T14:03:08.591418+00:00,apply,created,canvas-small-buissnes-as-usuall,felix,buissnes as usuall,8864d5c0-5e9d-43e1-8af7-5dd849821de2,https://raw.githubusercontent.com/FLexIPF/kunstmueseumDev/main/public/gelato-assets/canvas-small-buissnes-as-usuall.jpg,3ad39bf4-613d-4d94-98cd-9b3027214d03,profile=canvas
2026-03-03T14:03:09.513925+00:00,apply,created,canvas-large-chaos-im-komando-zentrum,felix,Chaos im Komando zentrum,6a8e7a46-d1b5-45f7-9866-be20bc9a6b9b,https://raw.githubusercontent.com/FLexIPF/kunstmueseumDev/main/public/gelato-assets/canvas-large-chaos-im-komando-zentrum.jpg,0e4fb2c5-f887-4b1c-aae2-1f97f7b394df,profile=poster
2026-03-03T14:03:12.178065+00:00,apply,created,canvas-large-chaos-im-komando-zentrum,felix,Chaos im Komando zentrum,7e8ce8d0-0d99-47d7-ab50-0722d2cd6f0a,https://raw.githubusercontent.com/FLexIPF/kunstmueseumDev/main/public/gelato-assets/canvas-large-chaos-im-komando-zentrum.jpg,692096d6-905f-40d8-9cbf-242b15f161eb,profile=framed
2026-03-03T14:03:13.099188+00:00,apply,created,canvas-large-chaos-im-komando-zentrum,felix,Chaos im Komando zentrum,6c8479c7-5ab1-4ea7-9b11-3ed5e0c3cb5e,https://raw.githubusercontent.com/FLexIPF/kunstmueseumDev/main/public/gelato-assets/canvas-large-chaos-im-komando-zentrum.jpg,d4875d9f-c34a-4c16-9009-79a7fbf3b449,profile=tshirt
2026-03-03T14:03:14.226503+00:00,apply,created,canvas-large-chaos-im-komando-zentrum,felix,Chaos im Komando zentrum,8864d5c0-5e9d-43e1-8af7-5dd849821de2,https://raw.githubusercontent.com/FLexIPF/kunstmueseumDev/main/public/gelato-assets/canvas-large-chaos-im-komando-zentrum.jpg,66fcb0ca-afce-4a8e-a1d8-7b9c4e954215,profile=canvas
2026-03-03T14:03:15.146394+00:00,apply,created,canvas-large-chaosin-comandozentrum,felix,chaosin Comandozentrum,6a8e7a46-d1b5-45f7-9866-be20bc9a6b9b,https://raw.githubusercontent.com/FLexIPF/kunstmueseumDev/main/public/gelato-assets/canvas-large-chaosin-comandozentrum.jpg,711f21bc-107e-430b-a367-7bbbe373ba15,profile=poster
2026-03-03T14:03:17.603352+00:00,apply,created,canvas-large-chaosin-comandozentrum,felix,chaosin Comandozentrum,7e8ce8d0-0d99-47d7-ab50-0722d2cd6f0a,https://raw.githubusercontent.com/FLexIPF/kunstmueseumDev/main/public/gelato-assets/canvas-large-chaosin-comandozentrum.jpg,515d9747-3ed7-404d-aaa6-547c35b771b5,profile=framed
2026-03-03T14:03:18.291111+00:00,apply,created,canvas-large-chaosin-comandozentrum,felix,chaosin Comandozentrum,6c8479c7-5ab1-4ea7-9b11-3ed5e0c3cb5e,https://raw.githubusercontent.com/FLexIPF/kunstmueseumDev/main/public/gelato-assets/canvas-large-chaosin-comandozentrum.jpg,4fd9e9e3-56ba-4b22-896b-5f410100fcbe,profile=tshirt
2026-03-03T14:03:19.394909+00:00,apply,created,canvas-large-chaosin-comandozentrum,felix,chaosin Comandozentrum,8864d5c0-5e9d-43e1-8af7-5dd849821de2,https://raw.githubusercontent.com/FLexIPF/kunstmueseumDev/main/public/gelato-assets/canvas-large-chaosin-comandozentrum.jpg,846ea005-a10c-4fd2-8918-47a479c9f883,profile=canvas
2026-03-03T14:03:19.395556+00:00,apply,failed,canvas-large-experiment-sterotyp,felix,Experiment sterotyp,6a8e7a46-d1b5-45f7-9866-be20bc9a6b9b,,,profile=poster | Template 6a8e7a46-d1b5-45f7-9866-be20bc9a6b9b has no matching variants for artwork canvas-large-experiment-sterotyp
2026-03-03T14:03:21.726979+00:00,apply,created,canvas-large-experiment-sterotyp,felix,Experiment sterotyp,7e8ce8d0-0d99-47d7-ab50-0722d2cd6f0a,https://raw.githubusercontent.com/FLexIPF/kunstmueseumDev/main/public/gelato-assets/canvas-large-experiment-sterotyp.jpg,acce9628-2134-42c3-86e8-47be291e1d07,profile=framed
2026-03-03T14:03:22.519081+00:00,apply,created,canvas-large-experiment-sterotyp,felix,Experiment sterotyp,6c8479c7-5ab1-4ea7-9b11-3ed5e0c3cb5e,https://raw.githubusercontent.com/FLexIPF/kunstmueseumDev/main/public/gelato-assets/canvas-large-experiment-sterotyp.jpg,447fc41c-6ae1-4c31-8577-c956105c4df1,profile=tshirt
2026-03-03T14:03:24.054681+00:00,apply,created,canvas-large-experiment-sterotyp,felix,Experiment sterotyp,8864d5c0-5e9d-43e1-8af7-5dd849821de2,https://raw.githubusercontent.com/FLexIPF/kunstmueseumDev/main/public/gelato-assets/canvas-large-experiment-sterotyp.jpg,7050a59d-9e4b-4355-9482-b6e2ab15e321,profile=canvas
2026-03-03T14:03:24.055315+00:00,apply,failed,canvas-large-expetition-zur-entspannung,felix,expetition zur Entspannung,6a8e7a46-d1b5-45f7-9866-be20bc9a6b9b,,,profile=poster | Template 6a8e7a46-d1b5-45f7-9866-be20bc9a6b9b has no matching variants for artwork canvas-large-expetition-zur-entspannung
2026-03-03T14:03:25.897002+00:00,apply,created,canvas-large-expetition-zur-entspannung,felix,expetition zur Entspannung,7e8ce8d0-0d99-47d7-ab50-0722d2cd6f0a,https://raw.githubusercontent.com/FLexIPF/kunstmueseumDev/main/public/gelato-assets/canvas-large-expetition-zur-entspannung.jpg,efd18198-79e5-4d7b-a7c2-691e914b2075,profile=framed
2026-03-03T14:03:26.716386+00:00,apply,created,canvas-large-expetition-zur-entspannung,felix,expetition zur Entspannung,6c8479c7-5ab1-4ea7-9b11-3ed5e0c3cb5e,https://raw.githubusercontent.com/FLexIPF/kunstmueseumDev/main/public/gelato-assets/canvas-large-expetition-zur-entspannung.jpg,5627ba53-fb16-47dd-be87-665896dd833b,profile=tshirt
2026-03-03T14:03:28.354647+00:00,apply,created,canvas-large-expetition-zur-entspannung,felix,expetition zur Entspannung,8864d5c0-5e9d-43e1-8af7-5dd849821de2,https://raw.githubusercontent.com/FLexIPF/kunstmueseumDev/main/public/gelato-assets/canvas-large-expetition-zur-entspannung.jpg,693f3d28-56d0-4515-9a2c-c7f6b3b0041d,profile=canvas
2026-03-03T14:03:29.687163+00:00,apply,created,canvas-small-gefangen-im-geist,felix,gefangen im Geist,6a8e7a46-d1b5-45f7-9866-be20bc9a6b9b,https://raw.githubusercontent.com/FLexIPF/kunstmueseumDev/main/public/gelato-assets/canvas-small-gefangen-im-geist.jpg,721649e0-f41b-43c5-b621-1be265f8428e,profile=poster
2026-03-03T14:03:32.041911+00:00,apply,created,canvas-small-gefangen-im-geist,felix,gefangen im Geist,7e8ce8d0-0d99-47d7-ab50-0722d2cd6f0a,https://raw.githubusercontent.com/FLexIPF/kunstmueseumDev/main/public/gelato-assets/canvas-small-gefangen-im-geist.jpg,1e7de1b6-c171-4cc0-82f3-7ef6933217b5,profile=framed
2026-03-03T14:03:32.859967+00:00,apply,created,canvas-small-gefangen-im-geist,felix,gefangen im Geist,6c8479c7-5ab1-4ea7-9b11-3ed5e0c3cb5e,https://raw.githubusercontent.com/FLexIPF/kunstmueseumDev/main/public/gelato-assets/canvas-small-gefangen-im-geist.jpg,f6911041-aea5-4d10-a159-573cee618d82,profile=tshirt
2026-03-03T14:03:34.089906+00:00,apply,created,canvas-small-gefangen-im-geist,felix,gefangen im Geist,8864d5c0-5e9d-43e1-8af7-5dd849821de2,https://raw.githubusercontent.com/FLexIPF/kunstmueseumDev/main/public/gelato-assets/canvas-small-gefangen-im-geist.jpg,15d7634f-8b91-4157-9988-c40778e27bac,profile=canvas
2026-03-03T14:03:34.090522+00:00,apply,failed,canvas-large-m6-live-painting,felix,M6 Live Painting,6a8e7a46-d1b5-45f7-9866-be20bc9a6b9b,,,profile=poster | Template 6a8e7a46-d1b5-45f7-9866-be20bc9a6b9b has no matching variants for artwork canvas-large-m6-live-painting
2026-03-03T14:03:35.932182+00:00,apply,created,canvas-large-m6-live-painting,felix,M6 Live Painting,7e8ce8d0-0d99-47d7-ab50-0722d2cd6f0a,https://raw.githubusercontent.com/FLexIPF/kunstmueseumDev/main/public/gelato-assets/canvas-large-m6-live-painting.jpg,3b4a1aff-f08f-4cf0-8267-8ad9741e05c4,profile=framed
2026-03-03T14:03:36.651506+00:00,apply,created,canvas-large-m6-live-painting,felix,M6 Live Painting,6c8479c7-5ab1-4ea7-9b11-3ed5e0c3cb5e,https://raw.githubusercontent.com/FLexIPF/kunstmueseumDev/main/public/gelato-assets/canvas-large-m6-live-painting.jpg,b34c77ca-98bd-4b81-bedf-9ef0335ae820,profile=tshirt
2026-03-03T14:03:37.863033+00:00,apply,created,canvas-large-m6-live-painting,felix,M6 Live Painting,8864d5c0-5e9d-43e1-8af7-5dd849821de2,https://raw.githubusercontent.com/FLexIPF/kunstmueseumDev/main/public/gelato-assets/canvas-large-m6-live-painting.jpg,3afbffa6-48ba-4ea6-bdb3-501c9050654d,profile=canvas
2026-03-03T14:03:38.877512+00:00,apply,created,canvas-small-was-fuer-benz,felix,was Für Benz,6a8e7a46-d1b5-45f7-9866-be20bc9a6b9b,https://raw.githubusercontent.com/FLexIPF/kunstmueseumDev/main/public/gelato-assets/canvas-small-was-fuer-benz.jpg,ba82679f-f842-4a8c-b589-dab6b930f746,profile=poster
2026-03-03T14:03:41.360487+00:00,apply,created,canvas-small-was-fuer-benz,felix,was Für Benz,7e8ce8d0-0d99-47d7-ab50-0722d2cd6f0a,https://raw.githubusercontent.com/FLexIPF/kunstmueseumDev/main/public/gelato-assets/canvas-small-was-fuer-benz.jpg,fd3a6d19-63bc-431d-b6c3-c5454255c925,profile=framed
2026-03-03T14:03:42.019215+00:00,apply,created,canvas-small-was-fuer-benz,felix,was Für Benz,6c8479c7-5ab1-4ea7-9b11-3ed5e0c3cb5e,https://raw.githubusercontent.com/FLexIPF/kunstmueseumDev/main/public/gelato-assets/canvas-small-was-fuer-benz.jpg,7c42be2d-33bd-4501-9d08-a098ada37960,profile=tshirt
2026-03-03T14:03:43.264280+00:00,apply,created,canvas-small-was-fuer-benz,felix,was Für Benz,8864d5c0-5e9d-43e1-8af7-5dd849821de2,https://raw.githubusercontent.com/FLexIPF/kunstmueseumDev/main/public/gelato-assets/canvas-small-was-fuer-benz.jpg,d79e6c05-4cbe-4fc3-a028-fef13bdca42b,profile=canvas
2026-03-03T14:03:44.440073+00:00,apply,created,canvas-small-wohin,felix,Wohin?,6a8e7a46-d1b5-45f7-9866-be20bc9a6b9b,https://raw.githubusercontent.com/FLexIPF/kunstmueseumDev/main/public/gelato-assets/canvas-small-wohin.jpg,f0b8dc77-5106-4130-8a0d-02d45c8e58eb,profile=poster
2026-03-03T14:03:46.525850+00:00,apply,created,canvas-small-wohin,felix,Wohin?,7e8ce8d0-0d99-47d7-ab50-0722d2cd6f0a,https://raw.githubusercontent.com/FLexIPF/kunstmueseumDev/main/public/gelato-assets/canvas-small-wohin.jpg,ff77d189-765f-48e1-a687-603eadca4abc,profile=framed
2026-03-03T14:03:47.197407+00:00,apply,created,canvas-small-wohin,felix,Wohin?,6c8479c7-5ab1-4ea7-9b11-3ed5e0c3cb5e,https://raw.githubusercontent.com/FLexIPF/kunstmueseumDev/main/public/gelato-assets/canvas-small-wohin.jpg,904d3cec-eea5-4901-b87f-ae215b655796,profile=tshirt
2026-03-03T14:03:48.641952+00:00,apply,created,canvas-small-wohin,felix,Wohin?,8864d5c0-5e9d-43e1-8af7-5dd849821de2,https://raw.githubusercontent.com/FLexIPF/kunstmueseumDev/main/public/gelato-assets/canvas-small-wohin.jpg,fa678695-9dfa-4b3a-8f65-2bf29c83ce29,profile=canvas
2026-03-03T14:03:48.642689+00:00,apply,failed,canvas-large-zeit-rieselt,felix,Zeit rieselt,6a8e7a46-d1b5-45f7-9866-be20bc9a6b9b,,,profile=poster | Template 6a8e7a46-d1b5-45f7-9866-be20bc9a6b9b has no matching variants for artwork canvas-large-zeit-rieselt
2026-03-03T14:03:50.201999+00:00,apply,created,canvas-large-zeit-rieselt,felix,Zeit rieselt,7e8ce8d0-0d99-47d7-ab50-0722d2cd6f0a,https://raw.githubusercontent.com/FLexIPF/kunstmueseumDev/main/public/gelato-assets/canvas-large-zeit-rieselt.jpg,b0678c99-6842-4dc0-9667-bd928996e2b8,profile=framed
2026-03-03T14:03:50.883609+00:00,apply,created,canvas-large-zeit-rieselt,felix,Zeit rieselt,6c8479c7-5ab1-4ea7-9b11-3ed5e0c3cb5e,https://raw.githubusercontent.com/FLexIPF/kunstmueseumDev/main/public/gelato-assets/canvas-large-zeit-rieselt.jpg,bde0e6c9-2ee1-4e8f-8502-afc8c09b2e0b,profile=tshirt
2026-03-03T14:03:52.407043+00:00,apply,created,canvas-large-zeit-rieselt,felix,Zeit rieselt,8864d5c0-5e9d-43e1-8af7-5dd849821de2,https://raw.githubusercontent.com/FLexIPF/kunstmueseumDev/main/public/gelato-assets/canvas-large-zeit-rieselt.jpg,8470752f-c28b-45e5-81c5-6c8ab1d17852,profile=canvas
2026-03-03T14:03:52.407922+00:00,apply,failed,canvas-large-freunde,felix,freunde,6a8e7a46-d1b5-45f7-9866-be20bc9a6b9b,,,profile=poster | Template 6a8e7a46-d1b5-45f7-9866-be20bc9a6b9b has no matching variants for artwork canvas-large-freunde
2026-03-03T14:03:54.775945+00:00,apply,created,canvas-large-freunde,felix,freunde,7e8ce8d0-0d99-47d7-ab50-0722d2cd6f0a,https://raw.githubusercontent.com/FLexIPF/kunstmueseumDev/main/public/gelato-assets/canvas-large-freunde.jpg,12f23c67-de9c-4aaf-9946-cec1ab0c0f19,profile=framed
2026-03-03T14:03:55.377300+00:00,apply,created,canvas-large-freunde,felix,freunde,6c8479c7-5ab1-4ea7-9b11-3ed5e0c3cb5e,https://raw.githubusercontent.com/FLexIPF/kunstmueseumDev/main/public/gelato-assets/canvas-large-freunde.jpg,98b828df-4089-4ee0-bcbb-e1e2cb2a8880,profile=tshirt
2026-03-03T14:03:56.471712+00:00,apply,created,canvas-large-freunde,felix,freunde,8864d5c0-5e9d-43e1-8af7-5dd849821de2,https://raw.githubusercontent.com/FLexIPF/kunstmueseumDev/main/public/gelato-assets/canvas-large-freunde.jpg,b314245b-6e63-4463-bdb9-117d53d4d096,profile=canvas
2026-03-03T14:03:56.472552+00:00,apply,failed,luca-figuren-in-der-masse,luca,Figuren in der Masse,6a8e7a46-d1b5-45f7-9866-be20bc9a6b9b,,,profile=poster | Template 6a8e7a46-d1b5-45f7-9866-be20bc9a6b9b has no matching variants for artwork luca-figuren-in-der-masse
2026-03-03T14:03:58.769213+00:00,apply,created,luca-figuren-in-der-masse,luca,Figuren in der Masse,7e8ce8d0-0d99-47d7-ab50-0722d2cd6f0a,https://raw.githubusercontent.com/FLexIPF/kunstmueseumDev/main/public/gelato-assets/luca-figuren-in-der-masse.jpg,6dbfc577-9f96-4493-98b0-d01bcce0b670,profile=framed
2026-03-03T14:03:59.422086+00:00,apply,created,luca-figuren-in-der-masse,luca,Figuren in der Masse,6c8479c7-5ab1-4ea7-9b11-3ed5e0c3cb5e,https://raw.githubusercontent.com/FLexIPF/kunstmueseumDev/main/public/gelato-assets/luca-figuren-in-der-masse.jpg,b98a1b2e-fdbb-4be7-88a2-6f11770cff37,profile=tshirt
2026-03-03T14:03:59.422728+00:00,apply,failed,luca-figuren-in-der-masse,luca,Figuren in der Masse,8864d5c0-5e9d-43e1-8af7-5dd849821de2,,,profile=canvas | Template 8864d5c0-5e9d-43e1-8af7-5dd849821de2 has no matching variants for artwork luca-figuren-in-der-masse
2026-03-03T14:04:00.410243+00:00,apply,created,luca-gelbes-cover,luca,Gelbes Cover,6a8e7a46-d1b5-45f7-9866-be20bc9a6b9b,https://raw.githubusercontent.com/FLexIPF/kunstmueseumDev/main/public/gelato-assets/luca-gelbes-cover.jpg,1efc33fa-e3ed-40a5-9af7-c30e5bf62e8a,profile=poster
2026-03-03T14:04:02.557731+00:00,apply,created,luca-gelbes-cover,luca,Gelbes Cover,7e8ce8d0-0d99-47d7-ab50-0722d2cd6f0a,https://raw.githubusercontent.com/FLexIPF/kunstmueseumDev/main/public/gelato-assets/luca-gelbes-cover.jpg,3e000be7-f630-42e8-a43a-f8b47064770a,profile=framed
2026-03-03T14:04:03.378213+00:00,apply,created,luca-gelbes-cover,luca,Gelbes Cover,6c8479c7-5ab1-4ea7-9b11-3ed5e0c3cb5e,https://raw.githubusercontent.com/FLexIPF/kunstmueseumDev/main/public/gelato-assets/luca-gelbes-cover.jpg,2932f395-3b96-4087-8233-8a0a678adff2,profile=tshirt
2026-03-03T14:04:05.142613+00:00,apply,created,luca-gelbes-cover,luca,Gelbes Cover,8864d5c0-5e9d-43e1-8af7-5dd849821de2,https://raw.githubusercontent.com/FLexIPF/kunstmueseumDev/main/public/gelato-assets/luca-gelbes-cover.jpg,0b54b86a-1641-4add-9eda-ce8a207d86d8,profile=canvas
2026-03-03T14:04:06.346721+00:00,apply,created,luca-schmales-gesicht-auf-blau,luca,Schmales Gesicht auf blau,6a8e7a46-d1b5-45f7-9866-be20bc9a6b9b,https://raw.githubusercontent.com/FLexIPF/kunstmueseumDev/main/public/gelato-assets/luca-schmales-gesicht-auf-blau.jpg,54dea90c-3b98-4922-ba87-ddaf0fe779d8,profile=poster
2026-03-03T14:04:08.498392+00:00,apply,created,luca-schmales-gesicht-auf-blau,luca,Schmales Gesicht auf blau,7e8ce8d0-0d99-47d7-ab50-0722d2cd6f0a,https://raw.githubusercontent.com/FLexIPF/kunstmueseumDev/main/public/gelato-assets/luca-schmales-gesicht-auf-blau.jpg,54e67f12-3d12-4a2b-b14d-6a2cd6124c10,profile=framed
2026-03-03T14:04:09.213042+00:00,apply,created,luca-schmales-gesicht-auf-blau,luca,Schmales Gesicht auf blau,6c8479c7-5ab1-4ea7-9b11-3ed5e0c3cb5e,https://raw.githubusercontent.com/FLexIPF/kunstmueseumDev/main/public/gelato-assets/luca-schmales-gesicht-auf-blau.jpg,53c0d3dd-a01f-43ec-8ab6-fbfe38a74b22,profile=tshirt
2026-03-03T14:04:10.442092+00:00,apply,created,luca-schmales-gesicht-auf-blau,luca,Schmales Gesicht auf blau,8864d5c0-5e9d-43e1-8af7-5dd849821de2,https://raw.githubusercontent.com/FLexIPF/kunstmueseumDev/main/public/gelato-assets/luca-schmales-gesicht-auf-blau.jpg,0720b0f5-65bf-438c-9d77-fad67c66bf73,profile=canvas
2026-03-03T14:04:11.570985+00:00,apply,created,luca-expressreihe-1,luca,Expressreihe 1,6a8e7a46-d1b5-45f7-9866-be20bc9a6b9b,https://raw.githubusercontent.com/FLexIPF/kunstmueseumDev/main/public/gelato-assets/luca-expressreihe-1.jpg,e01502c9-1041-4527-8b88-7c0ddfd45a67,profile=poster
2026-03-03T14:04:13.313918+00:00,apply,created,luca-expressreihe-1,luca,Expressreihe 1,7e8ce8d0-0d99-47d7-ab50-0722d2cd6f0a,https://raw.githubusercontent.com/FLexIPF/kunstmueseumDev/main/public/gelato-assets/luca-expressreihe-1.jpg,d005921c-da82-45b6-8ed6-7eb9778e9c7a,profile=framed
2026-03-03T14:04:14.129629+00:00,apply,created,luca-expressreihe-1,luca,Expressreihe 1,6c8479c7-5ab1-4ea7-9b11-3ed5e0c3cb5e,https://raw.githubusercontent.com/FLexIPF/kunstmueseumDev/main/public/gelato-assets/luca-expressreihe-1.jpg,aeb32d16-4eab-4484-893a-aae2a1c509a6,profile=tshirt
2026-03-03T14:04:15.460440+00:00,apply,created,luca-expressreihe-1,luca,Expressreihe 1,8864d5c0-5e9d-43e1-8af7-5dd849821de2,https://raw.githubusercontent.com/FLexIPF/kunstmueseumDev/main/public/gelato-assets/luca-expressreihe-1.jpg,395ea396-62cb-4a40-9b5b-9828b181a1ab,profile=canvas
2026-03-03T14:04:16.381548+00:00,apply,created,luca-expressreihe-2,luca,Expressreihe 2,6a8e7a46-d1b5-45f7-9866-be20bc9a6b9b,https://raw.githubusercontent.com/FLexIPF/kunstmueseumDev/main/public/gelato-assets/luca-expressreihe-2.jpg,38b8672c-ff98-4514-a6cb-69415d9e4501,profile=poster
2026-03-03T14:04:19.260961+00:00,apply,created,luca-expressreihe-2,luca,Expressreihe 2,7e8ce8d0-0d99-47d7-ab50-0722d2cd6f0a,https://raw.githubusercontent.com/FLexIPF/kunstmueseumDev/main/public/gelato-assets/luca-expressreihe-2.jpg,e07d972d-96db-4c01-bf74-418c9eab328a,profile=framed
2026-03-03T14:04:19.966031+00:00,apply,created,luca-expressreihe-2,luca,Expressreihe 2,6c8479c7-5ab1-4ea7-9b11-3ed5e0c3cb5e,https://raw.githubusercontent.com/FLexIPF/kunstmueseumDev/main/public/gelato-assets/luca-expressreihe-2.jpg,845baa3c-9910-44a4-88ad-63e27ef02b66,profile=tshirt
2026-03-03T14:04:21.811399+00:00,apply,created,luca-expressreihe-2,luca,Expressreihe 2,8864d5c0-5e9d-43e1-8af7-5dd849821de2,https://raw.githubusercontent.com/FLexIPF/kunstmueseumDev/main/public/gelato-assets/luca-expressreihe-2.jpg,2a05e4d1-849d-4750-9fa2-b6783dd04a60,profile=canvas
2026-03-03T14:04:22.730892+00:00,apply,created,luca-homunkulus,luca,Homunkulus,6a8e7a46-d1b5-45f7-9866-be20bc9a6b9b,https://raw.githubusercontent.com/FLexIPF/kunstmueseumDev/main/public/gelato-assets/luca-homunkulus.jpg,29d66e1c-fd43-448d-abb5-e099da1d64af,profile=poster
2026-03-03T14:04:25.474211+00:00,apply,created,luca-homunkulus,luca,Homunkulus,7e8ce8d0-0d99-47d7-ab50-0722d2cd6f0a,https://raw.githubusercontent.com/FLexIPF/kunstmueseumDev/main/public/gelato-assets/luca-homunkulus.jpg,dd286668-6ce9-4927-bcef-f6270bc5f5eb,profile=framed
2026-03-03T14:04:26.238117+00:00,apply,created,luca-homunkulus,luca,Homunkulus,6c8479c7-5ab1-4ea7-9b11-3ed5e0c3cb5e,https://raw.githubusercontent.com/FLexIPF/kunstmueseumDev/main/public/gelato-assets/luca-homunkulus.jpg,5c5d8d9d-4669-4fba-bbc7-3bb3d056947a,profile=tshirt
2026-03-03T14:04:27.544159+00:00,apply,created,luca-homunkulus,luca,Homunkulus,8864d5c0-5e9d-43e1-8af7-5dd849821de2,https://raw.githubusercontent.com/FLexIPF/kunstmueseumDev/main/public/gelato-assets/luca-homunkulus.jpg,17754ffc-0b52-4b3d-acfd-d686a19c6784,profile=canvas
2026-03-03T14:04:29.802919+00:00,apply,created,luca-wiederkehr,luca,Wiederkehr,6a8e7a46-d1b5-45f7-9866-be20bc9a6b9b,https://raw.githubusercontent.com/FLexIPF/kunstmueseumDev/main/public/gelato-assets/luca-wiederkehr.jpg,2b1217d7-5b36-48d0-8cd2-aab073d93f82,profile=poster
2026-03-03T14:04:31.742292+00:00,apply,created,luca-wiederkehr,luca,Wiederkehr,7e8ce8d0-0d99-47d7-ab50-0722d2cd6f0a,https://raw.githubusercontent.com/FLexIPF/kunstmueseumDev/main/public/gelato-assets/luca-wiederkehr.jpg,41fcb29f-8b56-448d-885c-da44b490ccf4,profile=framed
2026-03-03T14:04:32.560849+00:00,apply,created,luca-wiederkehr,luca,Wiederkehr,6c8479c7-5ab1-4ea7-9b11-3ed5e0c3cb5e,https://raw.githubusercontent.com/FLexIPF/kunstmueseumDev/main/public/gelato-assets/luca-wiederkehr.jpg,a86d6afd-0e6f-48a5-8d5b-46d59a5ae038,profile=tshirt
2026-03-03T14:04:34.207933+00:00,apply,created,luca-wiederkehr,luca,Wiederkehr,8864d5c0-5e9d-43e1-8af7-5dd849821de2,https://raw.githubusercontent.com/FLexIPF/kunstmueseumDev/main/public/gelato-assets/luca-wiederkehr.jpg,22bc1065-c406-459c-aa70-be88b48fa28d,profile=canvas
